meter,district,buildYear,rooms,price,elevator,space,parking,floor
275,qalamestan,1372,2.0,111222333444,0,1,1,3.0
123,chitgar-lake,1402,3.0,6480000000,1,1,1,4.0
54,tehransar,1403,1.0,5940000000,1,1,1,3.0
118,azad-shahr,1403,2.0,7600000000,1,1,1,9.0
80,sattarkhan,1382,2.0,6500000000,0,0,1,
67,gisha,1385,1.0,10500000000,1,1,1,5.0
70,khani-abad-no,1385,2.0,2000000000,0,0,0,2.0
65,south-janat-abad,1394,2.0,8000000000,1,1,1,4.0
125,gisha,1400,2.0,24375000000,1,1,1,5.0
62,jamalzadeh,1398,2.0,6200000000,1,1,1,3.0
75,bagh-feyz,1396,2.0,7500000000,1,1,1,6.0
125,firoozabadi,1403,2.0,8800000000,1,1,1,1.0
47,pirouzi,1373,1.0,2050000000,0,0,0,1.0
113,azad-shahr,1402,2.0,7300000000,1,1,1,15.0
113,shams-abad,1403,2.0,18100000000,1,1,1,5.0
80,poonak,1388,2.0,7900000000,1,0,1,1.0
61,fallah,1390,1.0,3500000000,1,0,1,4.0
89,west-tehranpars,1383,2.0,6500000000,0,0,1,3.0
155,qeytariyeh,1393,3.0,27500000000,1,1,1,3.0
90,north-sohrevardi,1397,2.0,13500000000,1,1,1,2.0
125,vanak,1387,3.0,16500000000,1,1,1,4.0
92,south-janat-abad,1402,2.0,13200000000,1,1,1,5.0
48,sarsabil,1379,1.0,3200000000,0,0,0,2.0
110,gisha,1403,2.0,24000000000,1,1,1,4.0
110,chitgar,1403,2.0,10000000000,1,1,1,10.0
35,gomrok,1381,1.0,1750000000,0,1,1,4.0
74,mobarak-abad-e-beheshti,1402,2.0,2000000000,1,1,1,2.0
165,marzdaran,1400,3.0,30000000000,1,1,1,4.0
92,west-tehranpars,1398,2.0,8750000000,1,1,1,3.0
72,shahrak-naft-district5,1384,2.0,7700000000,1,1,1,4.0
55,shamshiri,1400,1.0,3450000000,1,0,1,2.0
82,ostad-moein,1402,2.0,4900000000,1,1,1,4.0
110,sharara,1386,2.0,13200000000,0,1,1,
120,niavaran,1403,2.0,36000000000,1,1,1,5.0
70,sheykh-al-raeis,1380,2.0,3440000000,0,1,1,3.0
87,hor-square,1387,2.0,5100000000,0,1,1,3.0
62,azarbaijan,1400,1.0,5200000000,1,1,1,3.0
82,shahr-e-ziba,1402,2.0,3200000000,1,1,1,3.0
75,shadman,1400,2.0,8800000000,1,1,0,2.0
85,aseman,1403,2.0,13100000000,1,1,1,3.0
53,qeytariyeh,1393,1.0,9800000000,1,1,1,4.0
92,atabak,1400,2.0,4200000000,1,1,1,4.0
40,khavaran,1385,1.0,2400000000,0,1,1,3.0
70,kooy-e-ferdos,1385,2.0,5100000000,0,0,1,3.0
80,tehransar,1398,2.0,5980000000,1,1,0,4.0
167,yousef-abad,1373,3.0,20875000000,0,1,1,1.0
59,andisheh,1389,1.0,5750000000,1,1,1,5.0
59,west-tehranpars,1400,1.0,6400000000,1,1,1,4.0
65,narmak,1388,2.0,6300000000,0,1,1,1.0
40,doolab,1388,1.0,2120000000,0,0,1,4.0
125,ajoodanieh,1397,3.0,3000000000,1,1,1,9.0
68,shahid-navab-safavi,1395,2.0,3650000000,1,1,1,4.0
95,velenjak,1390,2.0,22000000000,1,1,1,
56,shams-abad,1393,1.0,5350000000,0,1,1,1.0
54,shahr-e-ziba,1386,1.0,5150000000,1,1,1,1.0
80,north-janat-abad,1403,2.0,10300000000,1,1,1,5.0
150,poonak,1390,2.0,15000000000,1,1,1,5.0
55,pirouzi,1387,1.0,2850000000,0,0,0,1.0
71,sattarkhan,1392,1.0,7490000000,1,1,0,4.0
67,jeyhoun,1382,2.0,4550000000,0,1,1,1.0
100,yousef-abad,1371,2.0,10800000000,1,1,1,2.0
75,chitgar-lake,1403,2.0,1125000000,1,1,1,13.0
47,aref,1383,1.0,2600000000,0,0,1,3.0
44,shiva,1389,1.0,3300000000,1,1,1,1.0
62,andisheh,1398,2.0,2000000000,1,1,1,1.0
58,ekhtiyariyeh,1397,1.0,8600000000,1,1,1,4.0
125,bagh-feyz,1395,3.0,19000000000,1,1,1,12.0
100,south-janat-abad,1398,2.0,9100000000,1,1,1,2.0
65,mobarak-abad-e-beheshti,1398,1.0,2020000000,1,1,1,2.0
50,tehran-gorgan,1395,1.0,3070000000,1,0,1,4.0
92,poonak,1402,2.0,16100000000,1,1,1,5.0
152,yousef-abad,1390,3.0,21250000000,1,1,1,1.0
55,chitgar-lake,1402,1.0,750000000,1,1,1,12.0
155,poonak,1396,3.0,22350000000,1,1,1,4.0
55,jeyhoun,1392,1.0,3250000000,1,0,1,1.0
65,south-deylaman,1398,2.0,2112000000,1,0,1,4.0
67,dr-hoshyar,1389,2.0,6000000000,1,1,1,2.0
95,heravi,1397,2.0,16250000000,1,1,1,2.0
110,poonak,1392,2.0,14300000000,1,1,1,2.0
44,shiva,1395,1.0,2600000000,1,0,1,3.0
200,saadat-abad,1385,3.0,28650000000,1,1,1,5.0
117,abshar-tehran,1400,2.0,10000000000,1,1,1,12.0
90,shahr-e-ziba,1399,2.0,7400000000,1,1,1,2.0
136,south-janat-abad,1396,3.0,18360000000,1,1,1,1.0
57,amiriyeh,1383,1.0,3900000000,0,1,1,1.0
69,west-tehranpars,1381,2.0,5500000000,1,0,1,5.0
121,chitgar-lake,1403,3.0,5587500000,1,1,1,27.0
61,tehran-zanjan,1396,1.0,4700000000,1,1,1,1.0
50,chitgar,1403,1.0,350000000,1,1,1,5.0
90,poonak,1402,2.0,13600000000,1,1,1,4.0
188,velenjak,1403,3.0,66000000000,1,1,1,4.0
85,qoba,1391,2.0,12000000000,1,1,1,1.0
117,saadat-abad,1403,2.0,21100000000,1,1,1,2.0
120,north-shahran,1403,2.0,11800000000,1,1,1,5.0
56,darvazeh-shemiran,1385,1.0,3500000000,0,1,1,1.0
57,poonak,1393,1.0,5800000000,1,1,1,5.0
57,vahidiyeh,1394,2.0,4165000000,1,1,1,3.0
84,shokoofeh,1383,2.0,4400000000,0,0,0,4.0
95,vanak,1370,2.0,10000000000,1,1,1,2.0
85,gisha,1399,2.0,16500000000,1,1,1,5.0
58,kooy-e-ferdos,1399,1.0,7890000000,1,1,1,4.0
115,poonak,1392,2.0,14500000000,1,1,1,5.0
83,poonak,1396,2.0,11000000000,1,1,1,3.0
285,pasdaran,1401,3.0,71500000000,1,1,1,3.0
99,south-janat-abad,1402,2.0,10400000000,1,1,1,7.0
160,chitgar-lake,1401,3.0,13400000000,1,1,1,25.0
56,kooy-e-ferdos,1396,1.0,6090000000,1,1,1,4.0
100,west-tehranpars,1387,2.0,7500000000,1,0,1,3.0
96,north-janat-abad,1396,2.0,1111111111,1,1,1,6.0
48,tehran-kerman,1385,1.0,3990000000,1,0,1,2.0
70,niroo-havayi,1382,1.0,5050000000,1,1,1,4.0
120,nazi-abad,1403,2.0,2500000000,1,1,1,3.0
103,bagh-feyz,1389,2.0,10650000000,1,1,1,3.0
50,sheykh-al-raeis,1393,1.0,2450000000,1,0,1,1.0
180,heravi,1403,3.0,24300000000,1,1,1,9.0
176,niavaran,1403,3.0,40000000000,1,1,1,6.0
75,south-mehrabad,1391,2.0,4900000000,1,1,1,2.0
75,north-shahran,1382,2.0,7125000000,1,0,1,
65,zafaraniyeh,1394,1.0,12000000000,1,1,1,1.0
59,amir-bahador,1385,2.0,3300000000,0,1,0,4.0
33,azari,1380,1.0,1650000000,0,0,1,
210,west-shahrak-e-golestan,1392,3.0,17000000000,1,1,1,3.0
120,marzdaran,1397,3.0,17290000000,1,1,1,4.0
112,pirouzi,1403,2.0,8600000000,1,1,1,1.0
65,shahid-navab-safavi,1392,1.0,3000000000,1,1,1,1.0
54,hakimiyeh,1397,1.0,5500000000,1,1,1,5.0
131,sadeghiyeh,1396,3.0,13800000000,1,1,1,1.0
57,tehran-kerman,1388,1.0,4530000000,0,1,1,2.0
80,chitgar,1403,2.0,1000000000,1,1,1,6.0
63,poonak,1396,1.0,7200000000,1,1,1,2.0
189,zafaraniyeh,1398,2.0,28000000000,1,1,1,3.0
70,tehran-lashkar,1371,1.0,6200000000,0,1,1,2.0
63,amiriyeh,1385,2.0,3800000000,0,1,0,2.0
47,shahr-e-ziba,1396,1.0,1220000000,0,1,1,6.0
100,chitgar,1403,2.0,700000000,1,1,1,8.0
70,poonak,1393,2.0,11000000000,1,1,1,3.0
67,behjat-abad,1402,1.0,8100000000,1,1,1,6.0
70,east-shareq,1381,1.0,4200000000,0,1,1,4.0
56,heshamatiyeh,1372,1.0,4390000000,0,1,1,1.0
125,tarasht,1389,2.0,11250000000,1,1,1,2.0
101,south-shahran,1396,2.0,10600000000,1,1,1,4.0
83,chitgar,1403,2.0,3185000000,1,1,1,13.0
100,chitgar,1403,2.0,700000000,1,1,1,10.0
178,kamraniyeh,1389,3.0,33000000000,1,1,1,4.0
105,chitgar-lake,1403,2.0,1500000000,1,1,1,5.0
84,darya,1384,2.0,11800000000,1,1,1,3.0
140,south-janat-abad,1394,3.0,13500000000,1,1,1,4.0
135,saeed-abad,1403,2.0,4050000000,1,1,1,2.0
200,vanak,1389,3.0,11111111111,1,1,1,4.0
50,pirouzi,1398,1.0,3100000000,1,0,1,1.0
48,azarbaijan,1386,1.0,2580000000,0,0,1,4.0
75,chitgar,1403,1.0,600000000,1,1,1,7.0
65,north-shahran,1390,1.0,6350000000,1,1,1,1.0
150,gisha,1402,3.0,27000000000,1,1,1,2.0
86,poonak,1388,2.0,12200000000,1,1,1,2.0
81,javadiyeh,1396,2.0,3550000000,1,1,1,4.0
195,vanak,1398,3.0,35000000000,1,1,1,2.0
83,west-tehranpars,1390,2.0,7200000000,0,1,1,2.0
95,shirazi,1399,2.0,14000000000,1,1,1,4.0
80,andisheh,1400,2.0,3560000000,1,1,1,4.0
168,gisha,1393,3.0,26500000000,1,1,1,3.0
157,kooy-e-ferdos,1386,3.0,11900000000,1,1,1,1.0
70,bagh-feyz,1386,2.0,6400000000,0,1,1,1.0
63,atabak,1397,1.0,2700000000,1,1,1,4.0
55,west-tehranpars,1390,1.0,5400000000,1,1,1,2.0
130,chitgar,1402,3.0,1650000000,1,1,1,10.0
62,heshamatiyeh,1401,2.0,6100000000,1,1,1,4.0
101,bahar,1398,2.0,8600000000,1,1,1,1.0
175,parastar,1387,3.0,21000000000,1,1,1,5.0
120,chitgar-lake,1402,2.0,1620000000,1,1,1,13.0
58,doolab,1383,2.0,2200000000,0,1,1,
162,pasdaran,1403,3.0,39850000000,1,1,1,5.0
220,mirdamad,1384,4.0,26500000000,1,1,1,4.0
55,poonak,1384,2.0,6000000000,0,0,1,1.0
112,aseman,1403,2.0,20160000000,1,1,1,1.0
123,marzdaran,1400,2.0,16000000000,1,1,1,3.0
114,mirdamad,1372,2.0,16000000000,1,1,1,3.0
50,kooy-e-ferdos,1382,1.0,4800000000,0,1,1,
105,pasdaran,1402,2.0,17850000000,1,1,1,3.0
165,darrous,1402,3.0,43000000000,1,1,1,4.0
100,amir-abad,1370,2.0,12000000000,0,1,1,2.0
212,nosrat,1386,4.0,18000000000,1,1,1,2.0
43,haftchenar,1388,1.0,2600000000,0,1,1,2.0
86,gisha,1385,2.0,12900000000,1,1,1,4.0
58,saadat-abad,1377,1.0,8500000000,0,1,1,1.0
75,chitgar,1403,2.0,975000000,1,1,1,16.0
105,shahrak-e-takhti,1403,2.0,6100000000,1,1,1,4.0
113,saadat-abad,1387,2.0,17900000000,1,1,1,2.0
88,east-tehranpars,1390,2.0,5800000000,1,1,1,2.0
100,sorkhe-hesar,1394,2.0,7500000000,1,1,1,5.0
125,ajoodanieh,1397,3.0,30000000000,1,1,1,9.0
55,jeyhoun,1380,1.0,2900000000,0,0,1,
100,pasdaran,1392,2.0,13600000000,1,1,1,5.0
50,shahr-e-ziba,1397,1.0,1350000000,1,1,1,3.0
157,mirdamad,1385,3.0,21195000000,1,1,1,4.0
56,khaje-nezam-molk,1380,1.0,3950000000,0,1,1,
80,ekhtiyariyeh,1397,2.0,11200000000,1,1,1,1.0
190,farmaniyeh,1398,3.0,33000000000,1,1,1,2.0
146,nosrat,1370,3.0,9700000000,0,0,1,1.0
65,shahr-e-ziba,1400,1.0,1065000000,1,1,1,3.0
82,aghdasieh,1390,2.0,10500000000,1,1,1,5.0
70,shahrak-e-vali-e-asr,1392,2.0,4200000000,1,1,1,2.0
73,sarsabz,1386,1.0,8000000000,1,1,1,2.0
191,darrous,1395,3.0,31200000000,1,1,1,2.0
95,amir-abad,1401,2.0,14000000000,1,1,1,6.0
138,heravi,1398,3.0,21000000000,1,1,1,1.0
185,marzdaran,1403,3.0,26500000000,1,1,1,4.0
155,saadat-abad,1392,3.0,34000000000,1,1,1,5.0
148,azari,1403,3.0,7680000000,1,1,1,2.0
80,abouzar,1390,2.0,6400000000,1,1,1,3.0
82,south-janat-abad,1387,2.0,5220000000,0,1,1,4.0
100,niroo-havayi,1385,2.0,9000000000,1,1,1,4.0
173,qeytariyeh,1399,3.0,34000000000,1,1,1,1.0
131,narmak,1402,3.0,16500000000,1,1,1,1.0
125,chitgar-lake,1402,2.0,11250000000,1,1,1,18.0
53,andisheh,1397,1.0,1950000000,1,1,1,2.0
110,chitgar-lake,1400,2.0,9800000000,1,1,1,20.0
96,niroo-havayi,1385,2.0,9100000000,1,1,1,5.0
45,pirouzi,1374,1.0,2300000000,0,0,0,2.0
76,gisha,1370,2.0,8500000000,0,1,1,1.0
45,andisheh,1397,1.0,1180000000,1,1,1,3.0
115,tehran-jolfa,1401,3.0,15500000000,1,1,1,4.0
180,poonak,1403,3.0,26000000000,1,1,1,4.0
37,beryanak,1381,1.0,2550000000,0,1,1,3.0
135,saadat-abad,1403,3.0,44000000000,1,1,1,6.0
67,moshiriyeh,1400,2.0,4500000000,1,1,1,3.0
125,narmak,1403,3.0,15000000000,1,1,1,2.0
93,poonak,1389,3.0,11300000000,1,1,1,4.0
67,tehransar,1384,2.0,4200000000,1,1,1,1.0
88,jey,1402,2.0,5100000000,1,1,0,2.0
145,chitgar-lake,1400,3.0,17400000000,1,1,1,16.0
90,south-janat-abad,1394,2.0,10000000000,1,1,1,2.0
100,chitgar-lake,1402,2.0,1350000000,1,1,1,10.0
60,central-janat-abad,1380,1.0,4890000000,0,1,1,3.0
76,niroo-havayi,1394,2.0,7220000000,1,1,1,4.0
80,eslam-abad,1396,2.0,2300000000,1,1,1,3.0
90,south-janat-abad,1398,2.0,11000000000,1,1,1,7.0
185,hesar-booali,1388,3.0,35000000000,1,1,1,2.0
69,sazamn-barnameh,1387,2.0,7000000000,1,1,1,4.0
79,chitgar-lake,1390,2.0,7070000000,1,1,1,7.0
50,chitgar,1401,1.0,2100000000,1,1,1,8.0
162,andisheh,1398,1.0,1350000000,1,1,1,3.0
108,north-shahran,1397,2.0,10100000000,1,1,1,3.0
115,narmak,1403,3.0,13700000000,1,1,1,5.0
71,narmak,1403,2.0,8700000000,1,1,1,5.0
122,tehran-hosein-abad,1402,2.0,16600000000,1,1,1,7.0
90,chitgar-lake,1401,1.0,7800000000,1,1,1,9.0
100,west-shahrak-e-golestan,1403,2.0,3200000000,1,1,1,13.0
117,heravi,1402,2.0,15200000000,1,1,1,9.0
81,chitgar-lake,1403,2.0,3180000000,1,1,1,10.0
58,soleymani,1403,1.0,3900000000,1,1,0,1.0
179,ekbatan,1395,4.0,18200000000,1,1,1,4.0
79,salamat,1374,2.0,2680000000,0,0,1,
160,tehran-hosein-abad,1387,3.0,17700000000,1,1,1,7.0
83,dr-hoshyar,1394,2.0,6400000000,1,1,1,1.0
50,chitgar-lake,1403,1.0,1100000000,1,1,1,7.0
63,abouzar,1395,2.0,3200000000,1,1,1,4.0
152,beryanak,1380,2.0,7800000000,0,1,1,2.0
63,poonak,1388,1.0,7720000000,1,1,1,5.0
195,shahrak-e-gharb,1379,3.0,27300000000,0,1,1,1.0
75,chitgar,1403,2.0,1000000000,1,1,1,10.0
135,amaniyeh,1385,2.0,20000000000,1,1,1,3.0
105,niavaran,1394,3.0,16400000000,1,1,1,1.0
62,south-narmak,1378,1.0,5000000000,0,1,1,
100,marzdaran,1394,2.0,14000000000,1,1,1,1.0
65,west-tehranpars,1384,1.0,4700000000,0,0,1,2.0
57,bagh-feyz,1400,1.0,7500000000,1,1,1,2.0
70,poonak,1393,2.0,7500000000,1,1,1,3.0
122,hor-square,1397,3.0,10300000000,1,1,1,1.0
58,evin,1392,1.0,7200000000,1,1,1,1.0
64,east-tehranpars,1390,1.0,3700000000,1,1,1,4.0
68,kooye-e-hefdahom-e-shahrivar,1396,2.0,3840000000,1,1,0,2.0
147,qeytariyeh,1380,3.0,20580000000,1,1,1,3.0
70,south-janat-abad,1396,2.0,6800000000,1,0,1,4.0
60,dr-hoshyar,1388,1.0,4900000000,1,1,1,2.0
110,tolid-daroo,1398,3.0,6660000000,1,1,1,2.0
65,central-janat-abad,1381,1.0,6550000000,1,1,1,
120,chitgar,1403,2.0,1500000000,1,1,1,14.0
90,ozgol,1400,2.0,2800000000,1,1,1,10.0
105,chitgar,1403,2.0,4350000000,1,1,1,12.0
90,sadeghiyeh,1381,2.0,6850000000,0,1,1,2.0
58,amir-bahador,1380,1.0,3600000000,0,0,0,2.0
224,vanak,1398,3.0,45000000000,1,1,1,1.0
145,baqerkhan,1398,3.0,18400000000,1,1,1,5.0
58,andisheh,1397,1.0,1580000000,1,1,1,2.0
92,kooy-e-ferdos,1392,2.0,9100000000,1,1,1,3.0
55,molavi,1387,1.0,1980000000,0,0,1,2.0
71,khani-abad-no,1393,2.0,3100000000,0,0,1,4.0
150,saadat-abad,1393,3.0,26000000000,1,1,1,5.0
120,sazamn-barnameh,1390,3.0,13200000000,1,1,1,4.0
84,chitgar,1402,2.0,550000000,1,1,1,7.0
46,tayeb,1396,1.0,2350000000,1,0,1,3.0
75,andisheh,1397,2.0,1900000000,1,1,1,3.0
49,mina,1395,1.0,2800000000,1,0,1,2.0
97,saadat-abad,1383,2.0,10900000000,1,1,1,3.0
160,heravi,1401,3.0,28000000000,1,1,1,4.0
50,majid-abad,1391,1.0,4270000000,1,1,1,4.0
113,shahrak-e-gharb,1401,2.0,23000000000,1,1,1,5.0
210,vanak,1397,3.0,39000000000,1,1,1,3.0
106,yousef-abad,1385,2.0,13950000000,1,1,1,1.0
61,jeyhoun,1393,1.0,4250000000,1,1,1,1.0
50,dr-hoshyar,1392,1.0,3700000000,0,1,1,2.0
95,niavaran,1399,2.0,19500000000,1,1,1,3.0
130,chitgar,1402,3.0,3250000000,1,1,1,11.0
58,azarbaijan,1386,2.0,4300000000,0,1,1,2.0
188,yousef-abad,1395,3.0,36850000000,1,1,1,2.0
125,yousef-abad,1388,3.0,16200000000,1,1,1,5.0
122,pasdaran,1402,2.0,15860000000,1,1,1,1.0
100,east-tehranpars,1397,2.0,7800000000,1,1,1,5.0
50,bagh-khazaneh,1397,1.0,3250000000,1,1,0,1.0
67,beryanak,1397,2.0,4400000000,1,1,1,2.0
45,bolursazi,1390,1.0,2480000000,0,1,1,1.0
185,pasdaran,1402,3.0,24050000000,1,1,1,8.0
103,bagh-feyz,1393,2.0,10950000000,1,1,1,2.0
65,north-janat-abad,1397,2.0,7700000000,1,1,1,3.0
112,yousef-abad,1403,2.0,18500000000,1,1,1,1.0
153,elahiyeh,1390,3.0,33700000000,1,1,1,1.0
100,chitgar,1403,2.0,1000000000,1,1,1,15.0
70,south-deylaman,1403,2.0,1850000000,1,1,1,2.0
68,poonak,1385,2.0,7900000000,1,1,1,5.0
66,poonak,1395,2.0,8300000000,1,1,1,4.0
77,ostad-moein,1395,2.0,6450000000,1,1,1,2.0
75,kooy-e-ferdos,1403,1.0,10500000000,1,1,1,4.0
105,chitgar-lake,1403,2.0,3360000000,1,1,1,11.0
80,chitgar-lake,1403,2.0,1200000000,1,1,1,10.0
185,marzdaran,1399,3.0,35200000000,1,1,1,4.0
194,mahmoodiyeh,1392,3.0,33000000000,1,1,1,1.0
55,chitgar,1403,1.0,357500000,1,1,1,11.0
125,mirdamad,1386,2.0,13700000000,1,1,1,5.0
70,ostad-moein,1401,2.0,6400000000,1,1,1,1.0
60,heravi,1393,2.0,8000000000,1,1,1,4.0
100,mirdamad,1389,2.0,12000000000,1,1,1,3.0
64,kooy-e-ferdos,1384,2.0,4900000000,0,0,1,3.0
58,aminhozour,1384,1.0,3200000000,1,0,0,1.0
90,zafar,1397,2.0,12000000000,1,1,1,4.0
141,central-janat-abad,1400,3.0,17000000000,1,1,1,3.0
51,nezam-abad,1382,1.0,2530000000,0,0,1,1.0
65,sazamn-barnameh,1383,2.0,6500000000,1,1,1,4.0
48,pirouzi,1388,1.0,4000000000,1,1,1,1.0
77,gisha,1403,2.0,15000000000,1,1,1,3.0
41,shabiri,1382,1.0,2270000000,0,0,0,1.0
50,yousef-abad,1397,1.0,8300000000,1,1,1,5.0
145,chitgar-lake,1393,3.0,11800000000,1,1,1,4.0
78,bagh-feyz,1399,2.0,9500000000,1,1,1,3.0
89,chitgar-lake,1403,2.0,8900000000,1,1,1,6.0
115,saadat-abad,1400,2.0,25650000000,1,1,1,1.0
44,tehran-police,1385,1.0,4350000000,1,0,1,4.0
80,mobarak-abad-e-beheshti,1403,2.0,2720000000,1,1,1,
77,azarbaijan,1399,2.0,5400000000,1,1,1,2.0
78,shahrak-e-parvaz,1382,2.0,7000000000,0,1,1,2.0
54,jeyhoun,1391,2.0,3500000000,0,1,1,2.0
60,jeyhoun,1395,1.0,4350000000,1,1,1,1.0
72,dolat-abad,1402,2.0,4650000000,1,1,0,2.0
114,south-shahran,1397,2.0,10780000000,1,1,1,4.0
42,azari,1380,1.0,1420000000,0,0,1,
70,dabestan,1382,2.0,7000000000,1,1,1,1.0
60,dolatkhah,1390,1.0,2100000000,1,0,0,4.0
37,bolursazi,1390,1.0,2230000000,0,1,1,1.0
40,imamzadeh-hasan,1389,1.0,2000000000,0,0,1,4.0
110,saadat-abad,1402,2.0,30800000000,1,1,1,1.0
106,mobarak-abad-e-beheshti,1400,2.0,2968000000,1,1,1,3.0
45,andisheh,1395,1.0,1300000000,1,1,1,2.0
48,sarsabil,1380,1.0,31500000000,0,0,1,1.0
68,sarsabil,1394,2.0,3700000000,0,1,1,4.0
100,mirdamad,1403,2.0,21000000000,1,1,1,3.0
73,bolursazi,1396,2.0,3550000000,1,1,1,4.0
103,saadat-abad,1386,2.0,150000000000,1,1,1,5.0
58,beryanak,1394,2.0,3500000000,1,1,1,1.0
58,haftchenar,1390,1.0,3300000000,1,0,1,2.0
62,saadat-abad,1383,1.0,10700000000,1,0,1,1.0
58,sazamn-barnameh,1386,1.0,6800000000,1,1,1,4.0
98,poonak,1398,2.0,13300000000,1,1,1,3.0
55,marzdaran,1385,1.0,5400000000,0,0,0,2.0
55,tehran-zanjan,1393,1.0,3900000000,1,0,1,3.0
60,aboozar,1393,1.0,7200000000,1,1,1,2.0
60,javadiyeh-tehran-pars,1401,1.0,5100000000,1,1,1,13.0
52,khalij-e-fars,1386,1.0,2190000000,0,1,1,4.0
110,tarasht,1380,2.0,8500000000,1,1,1,3.0
100,shahrak-e-mahalati,1377,2.0,11290000000,1,1,1,3.0
104,sazamn-barnameh,1382,2.0,7150000000,0,1,1,3.0
106,sazamn-barnameh,1385,2.0,12200000000,1,1,1,5.0
70,north-janat-abad,1395,2.0,7600000000,1,1,1,3.0
72,shahrak-naft-district5,1383,2.0,8100000000,1,1,1,3.0
47,bagh-khazaneh,1393,1.0,2350000000,1,0,0,4.0
80,shahr-e-ziba,1383,2.0,5400000000,0,1,1,4.0
125,jeyhoun,1396,2.0,8000000000,1,1,1,3.0
55,sarsabil,1382,2.0,3820000000,0,1,1,3.0
171,sazamn-barnameh,1385,3.0,15000000000,1,1,1,2.0
67,central-janat-abad,1380,2.0,5350000000,0,0,1,3.0
42,beryanak,1380,1.0,2350000000,0,0,1,2.0
130,poonak,1400,3.0,16350000000,1,1,1,5.0
100,jordan,1388,2.0,12500000000,1,1,1,1.0
113,shahin,1403,2.0,16600000000,1,1,1,4.0
225,saadat-abad,1383,3.0,31500000000,1,1,1,5.0
44,jeyhoun,1385,1.0,2550000000,0,0,1,4.0
106,heravi,1399,2.0,16000000000,1,1,1,7.0
92,marzdaran,1402,2.0,14200000000,1,1,1,4.0
83,abshar-tehran,1403,2.0,4300000000,1,1,1,14.0
115,tehransar,1403,2.0,9700000000,1,1,1,1.0
160,saadat-abad,1393,3.0,26500000000,1,1,1,6.0
57,west-tehranpars,1385,2.0,5900000000,1,1,1,2.0
80,tehran-gorgan,1378,2.0,3800000000,0,0,1,4.0
73,kooy-e-ferdos,1384,2.0,6100000000,1,1,1,1.0
73,aboozar,1396,2.0,7950000000,1,1,1,1.0
136,west-tehranpars,1391,3.0,13700000000,1,1,1,4.0
84,west-shahrak-e-golestan,1403,2.0,3180000000,1,1,1,15.0
59,abshar-tehran,1403,1.0,1655000000,1,1,1,2.0
63,pirouzi,1391,2.0,3720000000,0,0,1,2.0
62,parastar,1403,2.0,6200000000,1,1,1,1.0
60,central-janat-abad,1384,2.0,5550000000,0,0,1,
100,jomhouri,1403,2.0,9500000000,1,1,1,1.0
65,shahid-navab-safavi,1390,2.0,2120000000,0,0,1,3.0
160,saadat-abad,1402,3.0,41000000000,1,1,1,2.0
50,eshrat-abad,1403,1.0,4950000000,1,1,0,2.0
131,poonak,1397,3.0,15600000000,1,1,1,2.0
40,behjat-abad,1378,,4400000000,0,0,0,1.0
42,jey,1398,1.0,2640000000,1,0,1,2.0
68,vanak,1397,1.0,10700000000,1,1,1,4.0
284,kooy-e-ferdos,1401,3.0,12500000000,1,1,1,3.0
95,sarsabz,1382,2.0,7850000000,0,1,1,4.0
65,chitgar,1402,1.0,975000000,1,1,1,14.0
48,yaftabad,1403,1.0,1420000000,0,0,1,2.0
118,central-janat-abad,1397,2.0,14100000000,1,1,1,3.0
45,tehran-zanjan,1384,1.0,2550000000,0,0,1,3.0
100,central-janat-abad,1396,2.0,11800000000,1,1,1,1.0
46,eskandari,1387,1.0,3100000000,1,0,1,7.0
56,poonak,1394,1.0,6290000000,1,1,1,2.0
140,pasdaran,1402,3.0,38000000000,1,1,1,3.0
70,poonak,1396,2.0,11000000000,1,1,1,3.0
100,poonak,1387,2.0,13500000000,1,1,1,3.0
200,pasdaran,1401,3.0,50000000000,1,1,1,4.0
119,jordan,1385,2.0,15500000000,1,1,1,4.0
65,nezam-abad,1397,1.0,4200000000,1,1,0,3.0
68,sarsabil,1379,2.0,4100000000,0,0,0,3.0
74,vahidiyeh,1398,2.0,5450000000,1,1,0,2.0
170,vanak,1386,3.0,27000000000,1,1,1,4.0
149,saadat-abad,1391,3.0,28500000000,1,1,1,5.0
77,heravi,1390,2.0,8000000000,1,1,1,5.0
61,jeyhoun,1398,1.0,4850000000,1,1,1,1.0
150,pirouzi,1403,3.0,16000000000,1,1,1,2.0
150,zafar,1397,3.0,23500000000,1,1,1,6.0
85,jeyhoun,1392,2.0,4430000000,1,1,1,4.0
90,sadeghiyeh,1370,2.0,6800000000,0,1,1,4.0
350,emamzade-ghasem,1402,4.0,220000000000,1,1,1,9.0
120,ajoodanieh,1386,2.0,23000000000,1,1,1,5.0
128,hekmat,1403,2.0,26800000000,1,1,1,5.0
57,mobarak-abad-e-beheshti,1399,2.0,1700000000,1,0,1,2.0
185,pasdaran,1402,3.0,24000000000,1,1,1,11.0
65,kooy-e-ferdos,1402,1.0,6000000000,1,1,1,3.0
60,sadeghiyeh,1384,1.0,6500000000,1,1,1,4.0
70,poonak,1383,2.0,5600000000,0,1,1,2.0
98,yousef-abad,1390,2.0,14500000000,1,1,1,3.0
130,qeytariyeh,1397,3.0,19500000000,1,1,1,4.0
87,javanmard-e-ghasab,1403,2.0,4990000000,1,1,1,4.0
180,farmaniyeh,1389,3.0,32000000000,1,1,1,2.0
130,shemiran-no,1403,2.0,7150000000,1,1,1,1.0
70,abouzar,1384,2.0,4900000000,1,0,0,5.0
121,chitgar,1403,2.0,4770000000,1,1,1,10.0
200,yousef-abad,1402,3.0,38200000000,1,1,1,3.0
188,shahrak-e-jandarmeri,1395,3.0,27000000000,1,1,1,3.0
165,marzdaran,1388,3.0,18500000000,1,1,1,5.0
100,chitgar,1402,2.0,1500000000,1,1,1,10.0
94,azad-shahr,1398,2.0,7800000000,1,1,1,12.0
55,shokoofeh,1385,1.0,3600000000,1,0,1,1.0
141,darya,1397,3.0,31300000000,1,1,1,2.0
103,heravi,1402,2.0,13200000000,1,1,1,8.0
112,yousef-abad,1400,2.0,14900000000,1,1,1,5.0
70,chitgar,1403,2.0,1150000000,1,1,1,18.0
200,marzdaran,1392,3.0,25000000000,1,1,1,1.0
80,kooy-e-ferdos,1401,2.0,8000000000,1,1,1,1.0
72,shams-abad,1387,2.0,7600000000,1,1,1,4.0
118,south-shahran,1402,2.0,6730000000,1,1,1,3.0
48,beryanak,1384,1.0,2350000000,1,1,1,4.0
31,taslihat,1382,1.0,2100000000,0,0,1,3.0
122,pasdaran,1393,2.0,16300000000,1,1,1,5.0
49,jeyhoun,1384,1.0,2350000000,1,1,1,4.0
100,sadeghiyeh,1403,2.0,13000000000,1,1,1,1.0
115,south-shahran,1391,3.0,12500000000,1,1,1,2.0
103,gisha,1381,2.0,12900000000,1,1,1,3.0
118,nazi-abad,1395,3.0,8300000000,1,1,0,1.0
67,west-tehranpars,1398,1.0,7600000000,1,1,1,8.0
40,tolid-daroo,1387,1.0,2200000000,0,0,1,
140,vanak,1398,3.0,26000000000,1,1,1,3.0
75,shahin,1402,2.0,9000000000,1,1,1,7.0
100,chitgar,1403,2.0,1500000000,1,1,1,16.0
75,mobarak-abad-e-beheshti,1403,2.0,2625000000,1,1,1,1.0
50,chitgar,1397,1.0,1490000000,0,1,1,3.0
61,jeyhoun,1389,2.0,3100000000,0,1,1,
107,qoba,1400,2.0,14980000000,1,1,1,1.0
95,north-karegar,1383,2.0,7300000000,0,1,1,3.0
97,central-janat-abad,1399,2.0,11480000000,1,1,1,4.0
69,darabad,1395,1.0,8850000000,1,1,1,3.0
203,vanak,1386,3.0,28000000000,1,1,1,4.0
165,jordan,1385,3.0,19500000000,1,1,1,1.0
80,jeyhoun,1403,2.0,5500000000,1,1,1,4.0
84,saadat-abad,1388,2.0,11700000000,1,1,1,2.0
155,qeytariyeh,1396,3.0,31000000000,1,1,1,5.0
280,elahiyeh,1403,3.0,140000000000,1,1,1,7.0
88,poonak,1396,2.0,9300000000,1,1,1,4.0
50,shahid-navab-safavi,1391,1.0,1240000000,1,1,1,2.0
140,poonak,1402,3.0,15000000000,1,1,1,11.0
78,niroo-havayi,1393,2.0,8000000000,1,1,1,4.0
60,kooy-e-ferdos,1396,1.0,7300000000,1,1,1,3.0
120,farmaniyeh,1402,2.0,22000000000,1,1,1,2.0
120,farmaniyeh,1403,2.0,24000000000,1,1,1,5.0
260,niavaran,1403,3.0,90000000000,1,1,1,5.0
150,farmaniyeh,1402,3.0,30000000000,1,1,1,5.0
380,farmaniyeh,1391,4.0,60000000000,1,1,1,7.0
125,elahiyeh,1393,2.0,33000000000,1,1,1,1.0
71,kooy-e-ferdos,1391,1.0,115000000,1,1,1,1.0
67,kan,1403,1.0,8710000000,1,1,1,4.0
85,yousef-abad,1380,2.0,8500000000,1,0,1,1.0
112,south-janat-abad,1395,3.0,14400000000,1,1,1,3.0
64,nemat-abad,1391,1.0,2880000000,1,1,1,4.0
220,shahrak-e-gharb,1402,4.0,70000000000,1,1,1,2.0
93,north-shahran,1390,2.0,7990000000,1,1,1,2.0
89,afsariyeh,1398,2.0,7000000000,1,1,0,1.0
110,dr-hoshyar,1397,2.0,7990000000,1,1,1,1.0
62,shokoofeh,1377,1.0,3270000000,0,0,1,4.0
115,shahrak-e-gharb,1388,2.0,17600000000,1,0,1,2.0
90,kooy-e-ferdos,1399,2.0,10000000000,1,1,1,8.0
142,niavaran,1385,3.0,20500000000,1,1,1,2.0
62,sattarkhan,1375,1.0,3286000000,0,0,1,
88,west-tehranpars,1396,2.0,10736000000,1,1,1,3.0
133,shams-abad,1382,3.0,13000000000,0,1,1,1.0
90,moniriyeh,1401,2.0,9250000000,1,1,1,1.0
338,elahiyeh,1399,4.0,135200000000,1,1,1,8.0
50,south-mehrabad,1396,1.0,3300000000,1,0,1,3.0
85,chitgar,1403,2.0,600000000,1,1,1,15.0
100,niroo-havayi,1393,2.0,10900000000,1,1,1,4.0
307,chitgar,1403,4.0,2500000000,1,1,1,22.0
78,valiasr,1378,2.0,6400000000,0,1,1,2.0
160,chitgar,1403,3.0,12000000000,1,1,1,18.0
69,shahrak-e-kianshahr,1385,1.0,2573700000,1,1,1,4.0
170,qeytariyeh,1401,3.0,34000000000,1,1,1,2.0
60,dolatkhah,1392,1.0,2300000000,1,0,0,1.0
121,tehran-no,1397,3.0,11495000000,1,1,1,4.0
79,yaftabad,1396,2.0,5800000000,1,0,1,
220,zafaraniyeh,1401,3.0,68000000000,1,1,1,3.0
148,chitgar-lake,1400,3.0,18500000000,1,1,1,4.0
115,kan,1402,3.0,12535000000,1,1,1,1.0
67,eshrat-abad,1395,2.0,4290000000,1,1,1,4.0
41,shahr-e-ziba,1397,1.0,1200000000,1,1,1,2.0
82,jey,1402,2.0,3800000000,1,1,0,1.0
75,ekhtiyariyeh,1396,1.0,11500000000,1,1,1,2.0
126,sadeghiyeh,1397,2.0,13950000000,1,1,1,2.0
160,sadeghiyeh,1402,3.0,20400000000,1,1,1,4.0
110,minabi,1400,2.0,4730000000,1,0,0,1.0
90,vanak,1383,2.0,12600000000,1,1,1,3.0
92,qeytariyeh,1378,2.0,12500000000,1,1,1,2.0
85,moniriyeh,1385,2.0,4000000000,0,0,1,4.0
66,moshiriyeh,1387,2.0,3500000000,0,1,1,1.0
75,moniriyeh,1390,2.0,4400000000,0,1,1,3.0
93,shahrak-e-taleghani,1396,2.0,5100000000,1,1,1,4.0
140,araj,1390,3.0,22000000000,1,1,1,3.0
117,marzdaran,1385,2.0,14999999999,1,1,1,4.0
150,chitgar,1402,3.0,1780000000,1,1,1,5.0
127,saadat-abad,1385,3.0,17500000000,1,1,0,3.0
43,hor-square,1380,1.0,2300000000,0,0,0,3.0
84,khani-abad-no,1403,2.0,6200000000,1,1,0,5.0
43,jeyhoun,1388,1.0,2800000000,1,0,1,1.0
62,azarbaijan,1392,2.0,4800000000,1,1,1,3.0
40,hor-square,1380,1.0,2680000000,0,0,1,
55,dolat-abad,1390,1.0,2500000000,1,1,1,1.0
152,elahiyeh,1386,3.0,45000000000,1,1,1,1.0
157,chitgar-lake,1397,3.0,11100000000,1,1,1,1.0
58,sanglaj,1392,1.0,2580000000,0,0,1,4.0
80,poonak,1385,2.0,7600000000,0,1,1,1.0
10,chitgar-lake,1403,2.0,350000000,1,1,1,5.0
131,shahrak-e-gharb,1380,2.0,32600000000,1,1,1,5.0
95,poonak,1396,2.0,10200000000,1,1,1,3.0
120,bahar,1401,2.0,13800000000,1,1,0,5.0
70,south-deylaman,1394,2.0,3380000000,1,0,0,3.0
107,jeyhoun,1402,2.0,6500000000,1,1,1,4.0
58,sazamn-barnameh,1398,1.0,6300000000,1,1,1,5.0
15,abshar-tehran,1403,2.0,350000000,1,1,1,22.0
70,nezam-abad,1401,2.0,5000000000,1,0,0,3.0
145,west-tehranpars,1403,3.0,21500000000,1,1,1,3.0
55,saheb-al-zaman,1390,1.0,2950000000,1,0,1,4.0
150,sheykh-hadi,1388,4.0,9600000000,0,0,1,
55,hashem-abad,1383,1.0,2300000000,0,1,1,1.0
42,beryanak,1385,1.0,2150000000,0,0,1,1.0
105,central-janat-abad,1400,2.0,11800000000,1,1,1,5.0
120,dezashib,1385,2.0,19200000000,1,1,1,4.0
103,bahar,1403,2.0,14420000000,1,1,1,1.0
68,fallah,1396,2.0,3050000000,1,0,1,1.0
150,ekhtiyariyeh,1403,3.0,34000000000,1,1,1,5.0
51,beryanak,1393,1.0,2100000000,1,1,1,2.0
72,shahr-e-ziba,1403,1.0,9000000000,1,1,1,2.0
47,ahang,1395,1.0,2870000000,1,0,0,1.0
187,pasdaran,1402,3.0,24310000000,1,1,1,11.0
102,poonak,1395,2.0,13500000000,1,1,1,1.0
60,narmak,1402,1.0,5800000000,1,1,1,3.0
78,north-janat-abad,1382,2.0,6500000000,0,0,1,
120,chitgar-lake,1403,2.0,2750000000,1,1,1,7.0
85,zafar,1383,2.0,9000000000,0,0,1,1.0
147,shabiri,1401,3.0,8250000000,1,1,1,4.0
88,central-janat-abad,1395,2.0,10000000000,1,1,0,2.0
50,fadak,1384,1.0,3550000000,0,0,1,3.0
147,north-sohrevardi,1402,3.0,19000000000,1,1,1,4.0
55,mobarak-abad-e-beheshti,1403,1.0,1755000000,1,1,1,5.0
58,yousef-abad,1395,1.0,8900000000,1,1,1,4.0
51,atabak,1385,1.0,2200000000,0,0,0,1.0
52,charsad-dastgah,1391,1.0,2680000000,0,0,1,4.0
33,jeyhoun,1378,1.0,1920000000,0,0,1,2.0
35,jeyhoun,1377,1.0,2030000000,0,0,1,3.0
60,masoudieh,1381,1.0,2400000000,0,0,1,1.0
40,beryanak,1378,1.0,1890000000,0,0,1,
80,narmak,1385,2.0,6260000000,1,0,1,1.0
98,ostad-moein,1402,2.0,6958000000,1,1,1,3.0
112,darrous,1401,2.0,22000000000,1,1,1,2.0
60,tehranvila,1375,2.0,5600000000,0,1,1,1.0
33,jeyhoun,1378,1.0,1820000000,0,0,1,2.0
90,poonak,1388,2.0,10800000000,1,1,1,4.0
113,central-janat-abad,1402,2.0,13200000000,1,1,1,4.0
90,abshar-tehran,1403,2.0,3420000000,1,1,1,11.0
53,charsad-dastgah,1384,1.0,3090000000,0,1,1,3.0
150,elahiyeh,1401,3.0,61000000000,1,1,1,9.0
80,poonak,1385,2.0,7800000000,0,1,1,1.0
78,gholhak,1396,2.0,13800000000,1,1,1,2.0
140,saadat-abad,1385,2.0,23000000000,1,1,1,1.0
146,aboozar,1388,3.0,19360000000,1,1,1,3.0
165,pasdaran,1386,3.0,22000000000,1,1,1,1.0
72,elm-o-sanat,1385,2.0,5530000000,0,1,1,2.0
251,qezel-qaleh,1370,4.0,21000000000,0,1,1,1.0
115,darrous,1393,2.0,19500000000,1,1,1,4.0
55,sazamn-barnameh,1396,1.0,6300000000,1,1,1,4.0
38,bolursazi,1391,1.0,2000000000,0,1,1,1.0
58,central-janat-abad,1383,1.0,5750000000,0,0,1,1.0
84,kooy-e-ferdos,1402,2.0,10584000000,1,1,1,1.0
110,ajoodanieh,1388,2.0,13850000000,1,1,1,4.0
74,ostad-moein,1395,2.0,4200000000,1,0,1,2.0
58,beryanak,1395,2.0,3300000000,1,1,1,1.0
108,niavaran,1387,2.0,13900000000,1,1,1,5.0
50,molavi,1385,1.0,2380000000,0,0,1,3.0
190,vanak,1382,3.0,26600000000,1,1,1,4.0
50,shemiran-no,1385,1.0,1850000000,0,0,1,
52,sarsabz,1390,1.0,4950000000,0,1,1,4.0
40,behdasht,1385,1.0,2600000000,1,0,0,3.0
170,aghdasieh,1383,3.0,22100000000,1,1,1,5.0
77,kooy-e-ferdos,1381,2.0,7550000000,0,1,1,1.0
60,tehran-zanjan,1380,2.0,3500000000,0,1,1,1.0
288,tehranvila,1380,4.0,24700000000,1,1,1,3.0
115,soleymani,1403,2.0,7100000000,1,1,1,6.0
123,west-tehranpars,1383,3.0,12300000000,1,1,1,4.0
54,jeyhoun,1393,2.0,4200000000,1,1,1,1.0
130,pasdaran,1385,2.0,18000000000,1,1,1,1.0
60,shahrak-e-vali-e-asr,1390,2.0,2400000000,0,0,1,4.0
85,pasdaran,1390,2.0,14700000000,1,1,1,1.0
60,chitgar,1403,1.0,1500000000,1,1,1,11.0
70,abouzar,1394,2.0,6200000000,1,1,0,2.0
34,pirouzi,1401,1.0,2720000000,1,0,1,1.0
60,vardavard,1403,2.0,1580000000,1,1,1,12.0
62,afsariyeh,1394,2.0,4100000000,1,0,0,1.0
1,ekbatan,1403,2.0,250000000,1,1,1,1.0
82,central-janat-abad,1394,2.0,9840000000,1,1,1,1.0
135,mirdamad,1398,3.0,20200000000,1,1,1,2.0
67,sazamn-barnameh,1389,1.0,6800000000,1,1,1,4.0
91,marzdaran,1400,2.0,13800000000,1,1,1,3.0
53,shahid-navab-safavi,1387,1.0,2150000000,0,1,1,4.0
100,chitgar,1403,2.0,7200000000,1,1,1,1.0
58,south-shahran,1389,1.0,38940000000,0,1,1,2.0
93,chitgar,1403,2.0,2130000000,1,1,1,15.0
142,sharara,1396,3.0,17500000000,1,1,1,3.0
85,central-janat-abad,1388,2.0,6700000000,0,1,1,
48,shahin,1402,1.0,8350000000,1,1,1,6.0
58,south-shahran,1389,1.0,3894000000,0,1,1,2.0
46,haftchenar,1383,1.0,2600000000,0,0,1,2.0
105,ekhtiyariyeh,1401,2.0,16800000000,1,1,1,2.0
55,sabalan,1389,1.0,399900000,1,1,1,1.0
62,jeyhoun,1403,1.0,3900000000,1,1,1,4.0
66,qasemabad,1398,2.0,5650000000,1,1,0,4.0
60,jeyhoun,1397,2.0,4600000000,1,0,1,2.0
75,ostad-moein,1392,2.0,4900000000,1,1,1,2.0
90,north-sohrevardi,1403,2.0,13500000000,1,1,1,2.0
50,vahidiyeh,1389,1.0,3750000000,0,1,1,2.0
98,ekhtiyariyeh,1370,2.0,9700000000,0,0,1,1.0
100,mirdamad,1375,2.0,8500000000,0,1,1,3.0
150,chitgar,1403,3.0,2000000000,1,1,1,12.0
73,beryanak,1388,2.0,3700000000,0,1,1,2.0
50,sarsabil,1383,1.0,3800000000,0,1,1,
60,tehran-zanjan,1397,1.0,3900000000,1,0,1,3.0
110,javadiyeh,1402,3.0,5150000000,1,1,1,2.0
60,jeyhoun,1398,1.0,3900000000,1,0,1,3.0
64,yakhchi-abad,1389,2.0,3000000000,0,0,1,4.0
58,azarbaijan,1388,1.0,3450000000,0,0,1,2.0
65,dr-hoshyar,1398,1.0,480000000,1,1,1,1.0
88,farmaniyeh,1392,2.0,14500000000,1,1,1,4.0
105,west-tehranpars,1386,2.0,9450000000,1,1,1,5.0
125,south-janat-abad,1402,3.0,17500000000,1,1,1,2.0
80,shams-abad,1387,2.0,8980000000,1,1,1,5.0
58,aramaneh,1391,1.0,4160000000,1,1,1,3.0
72,south-ali-abad,1378,1.0,2900000000,0,1,1,1.0
60,zargandeh,1392,2.0,8000000000,1,1,1,4.0
130,seyed-khandan,1403,3.0,14990000000,1,1,1,2.0
31,chitgar,1403,1.0,570000000,1,1,1,7.0
131,south-janat-abad,1390,3.0,12350000000,1,1,1,1.0
100,chitgar-lake,1402,2.0,1350000000,1,1,1,14.0
85,pasdaran,1390,3.0,14700000000,1,1,1,1.0
63,afsariyeh,1375,1.0,2850000000,0,0,0,4.0
64,poonak,1402,1.0,8320000000,1,1,1,2.0
67,seyed-khandan,1394,1.0,7500000000,1,1,1,5.0
68,jamalzadeh,1384,1.0,5250000000,0,1,1,
135,velenjak,1386,3.0,25650000000,1,1,1,3.0
133,dehkade-olympic,1400,3.0,16650000000,1,1,1,11.0
152,sazamn-barnameh,1387,3.0,14100000000,1,1,1,3.0
100,chitgar,1403,2.0,650000000,1,1,1,15.0
105,hesar-booali,1397,2.0,28000000000,1,1,1,6.0
100,yousef-abad,1402,2.0,17250000000,1,1,1,3.0
80,motahari,1402,2.0,12400000000,1,1,1,3.0
57,shahr-e-ziba,1400,1.0,1280000000,0,1,1,2.0
112,kooy-e-ferdos,1387,3.0,12880000000,1,1,1,2.0
94,yousef-abad,1384,2.0,11500000000,1,1,1,3.0
136,chitgar-lake,1394,3.0,11500000000,1,1,1,7.0
140,sazamn-barnameh,1402,3.0,24500000000,1,1,1,4.0
178,seyed-khandan,1400,3.0,28000000000,1,1,1,5.0
72,chitgar,1402,2.0,1200000000,1,1,1,6.0
57,pirouzi,1385,2.0,2630000000,0,0,1,3.0
120,north-sohrevardi,1403,2.0,16000000000,1,1,1,3.0
650,pirouzi,1400,4.0,42000000000,1,1,1,5.0
34,niroo-havayi,1385,1.0,2340000000,0,0,1,2.0
210,zafar,1396,3.0,37000000000,1,1,1,3.0
124,azarbaijan,1402,2.0,10500000000,1,1,1,5.0
38,narmak,1384,1.0,2580000000,0,0,1,3.0
68,kooy-e-ferdos,1389,1.0,6800000000,1,1,1,3.0
96,poonak,1384,2.0,10450000000,0,1,1,
55,sazamn-barnameh,1399,1.0,5850000000,1,1,1,3.0
93,north-sohrevardi,1395,2.0,13500000000,1,1,1,3.0
47,shahrak-e-vali-e-asr,1388,1.0,2700000000,0,1,0,2.0
125,chitgar-lake,1397,3.0,11800000000,1,1,1,14.0
110,saadat-abad,1390,2.0,15500000000,1,1,1,4.0
67,sizdah-aban,1398,2.0,1300000000,0,0,0,2.0
105,zafar,1385,2.0,14500000000,1,1,1,1.0
81,chitgar-lake,1403,2.0,3230000000,1,1,1,11.0
74,kooy-e-ferdos,1383,2.0,7180000000,0,1,1,1.0
57,andisheh,1401,1.0,2150000000,0,1,1,2.0
66,shams-abad,1391,1.0,6100000000,1,1,1,3.0
40,imam-sajjad,1392,1.0,1900000000,0,1,1,3.0
340,darrous,1403,4.0,105000000000,1,1,1,4.0
83,imam-sajjad,1385,2.0,3486000000,0,1,1,
99,sazamn-barnameh,1393,2.0,11700000000,1,1,1,3.0
132,sharara,1382,3.0,11700000000,0,1,1,1.0
96,kooy-e-ferdos,1390,2.0,10200000000,1,1,1,2.0
135,qezel-qaleh,1403,3.0,21500000000,1,1,1,5.0
70,bagh-feyz,1393,2.0,7100000000,1,1,1,2.0
105,north-sohrevardi,1386,3.0,10800000000,0,1,1,2.0
54,jey,1400,1.0,3200000000,1,0,1,3.0
72,tarasht,1388,2.0,6630000000,1,1,1,2.0
48,jalili,1390,1.0,2250000000,0,0,0,
65,marzdaran,1402,1.0,10000000000,1,1,1,4.0
73,baharan,1385,2.0,4800000000,0,1,1,1.0
105,sattarkhan,1380,2.0,5700000000,0,0,1,4.0
90,gisha,1400,2.0,15900000000,1,1,1,4.0
60,poonak,1396,2.0,7300000000,1,0,1,3.0
53,sarsabil,1390,1.0,2690000000,0,1,1,2.0
44,shahrak-e-vali-e-asr,1392,1.0,2160000000,1,1,1,2.0
80,gisha,1390,2.0,11800000000,1,1,1,5.0
110,kooy-e-ferdos,1397,2.0,13200000000,1,1,1,5.0
175,sohanak,1402,3.0,34000000000,1,1,1,1.0
70,jeyhoun,1403,2.0,4500000000,1,1,1,4.0
55,south-janat-abad,1385,1.0,4690000000,0,1,1,3.0
156,saadat-abad,1388,3.0,20000000000,1,1,1,3.0
120,darakeh,1403,2.0,30000000000,1,1,1,5.0
80,west-tehranpars,1393,2.0,8600000000,1,1,1,4.0
105,poonak,1398,2.0,10470000000,1,1,1,4.0
48,shabiri,1382,1.0,2350000000,0,0,1,2.0
105,sazman-ab,1382,2.0,9240000000,1,1,1,2.0
110,ajoodanieh,1392,2.0,15950000000,1,0,1,3.0
50,north-janat-abad,1380,1.0,5200000000,0,0,1,3.0
118,poonak,1390,3.0,12350000000,1,1,1,4.0
120,chitgar,1403,3.0,1800000000,1,1,1,18.0
100,chitgar,1403,2.0,4000000000,1,1,1,15.0
83,shahr-e-ziba,1402,2.0,4400000000,1,1,1,4.0
113,central-janat-abad,1395,2.0,12100000000,1,1,1,4.0
70,sazamn-barnameh,1385,1.0,7500000000,1,1,1,3.0
100,chitgar-lake,1403,2.0,1500000000,1,1,1,9.0
73,kooy-e-ferdos,1388,2.0,8200000000,1,1,1,1.0
87,shahrak-naft,1399,2.0,13300000000,1,1,1,4.0
112,west-shahrak-e-golestan,1403,2.0,16750000000,1,1,1,2.0
60,sarsabil,1396,2.0,4800000000,1,0,1,1.0
170,darrous,1380,3.0,22100000000,1,1,1,4.0
95,south-janat-abad,1385,2.0,8000000000,0,1,1,3.0
51,yaftabad,1388,1.0,1900000000,1,1,1,3.0
65,jeyhoun,1392,2.0,4500000000,1,1,1,3.0
54,shahr-e-ziba,1395,2.0,1540000000,1,1,1,2.0
75,marzdaran,1394,2.0,10200000000,1,1,1,3.0
52,south-deylaman,1403,1.0,1600000000,1,1,1,3.0
55,kooy-e-ferdos,1385,1.0,5500000000,1,1,1,1.0
140,elahiyeh,1390,3.0,30000000000,1,1,1,4.0
103,central-janat-abad,1387,2.0,9800000000,1,1,1,5.0
90,shahrak-naft-district5,1394,2.0,11200000000,1,1,1,3.0
48,fallah,1380,1.0,2150000000,0,0,1,
80,south-janat-abad,1383,2.0,7350000000,0,1,1,1.0
260,velenjak,1388,4.0,59000000000,1,1,1,5.0
100,sazamn-barnameh,1387,3.0,7600000000,0,1,1,1.0
75,poonak,1401,1.0,9700000000,1,1,1,1.0
75,fallah,1397,2.0,4000000000,1,1,1,4.0
93,south-janat-abad,1394,2.0,12250000000,1,1,1,5.0
143,heravi,1401,3.0,21450000000,1,1,1,7.0
46,hashemi,1393,1.0,3300000000,1,1,1,2.0
55,jeyhoun,1395,1.0,4500000000,1,1,0,2.0
47,jeyhoun,1397,1.0,2830000000,1,1,1,4.0
85,haftchenar,1403,2.0,5440000000,1,1,1,3.0
107,heravi,1403,2.0,19300000000,1,1,1,5.0
53,ostad-moein,1396,1.0,3500000000,1,0,1,3.0
51,azarbaijan,1383,1.0,4000000000,1,0,1,5.0
58,azarbaijan,1388,2.0,4250000000,0,1,1,1.0
95,kooy-e-ferdos,1385,2.0,7500000000,0,1,1,3.0
89,saadat-abad,1383,2.0,12990000000,1,1,1,4.0
50,shahrak-e-vali-e-asr,1384,1.0,1850000000,1,0,1,1.0
75,dr-hoshyar,1403,2.0,1150000000,1,0,0,2.0
73,sadeghiyeh,1382,2.0,6000000000,0,0,1,1.0
55,shahin,1382,1.0,4300000000,0,0,1,3.0
98,tohid,1383,2.0,10000000000,1,1,1,2.0
75,sarsabil,1403,2.0,5400000000,1,1,1,4.0
200,saadat-abad,1403,3.0,32000000000,1,1,1,4.0
133,moniriyeh,1401,3.0,12910000000,1,1,1,3.0
125,chitgar,1403,2.0,6375000000,1,1,1,14.0
132,jordan,1383,2.0,19950000000,1,1,1,2.0
76,sattarkhan,1403,2.0,9500000000,1,1,1,4.0
58,south-mehrabad,1381,1.0,3070000000,0,1,1,2.0
108,parastar,1402,2.0,15000000000,1,1,1,5.0
180,zafaraniyeh,1396,3.0,26100000000,1,1,1,1.0
75,qeytariyeh,1402,2.0,16200000000,1,1,1,4.0
82,marzdaran,1396,2.0,2500000000,1,1,1,1.0
80,yaftabad,1395,2.0,3290000000,1,1,1,3.0
52,shaharak-e-shariyati,1393,1.0,640000000,0,0,0,3.0
325,farmaniyeh,1398,4.0,69000000000,1,1,1,10.0
59,jeyhoun,1395,2.0,4400000000,1,1,1,3.0
75,bolursazi,1402,2.0,4185000000,1,1,1,1.0
70,chitgar,1396,2.0,3560000000,1,1,1,5.0
74,almahdi,1385,2.0,6800000000,0,0,1,
68,hasan-abad-shomali,1393,2.0,8200000000,1,1,1,1.0
92,north-shahran,1391,2.0,10650000000,1,1,1,2.0
125,chitgar,1403,3.0,5500000000,1,1,1,19.0
50,chitgar,1403,,1490000000,1,1,1,6.0
100,chitgar-lake,1403,2.0,1350000000,1,1,1,12.0
60,ostad-moein,1403,1.0,3800000000,1,1,1,3.0
75,mobarak-abad-e-beheshti,1400,2.0,2250000000,1,0,1,3.0
44,shahid-navab-safavi,1403,1.0,2850000000,1,0,1,3.0
54,jeyhoun,1383,1.0,2650000000,0,0,1,1.0
160,qeytariyeh,1399,3.0,29000000000,1,1,1,2.0
100,heravi,1390,2.0,12500000000,1,1,1,3.0
72,ahang,1383,2.0,5500000,1,0,1,4.0
60,north-shahran,1383,1.0,4650000000,0,1,1,3.0
176,qoba,1395,3.0,31600000000,1,1,1,2.0
116,south-shahran,1391,3.0,13600000000,0,1,1,2.0
57,sattarkhan,1380,1.0,4800000000,1,0,1,2.0
67,jeyhoun,1386,1.0,4550000000,0,0,1,4.0
90,kooy-e-ferdos,1393,2.0,8920000000,1,1,1,2.0
60,chitgar-lake,1403,2.0,2700000000,1,1,1,25.0
98,south-janat-abad,1395,2.0,11500000000,1,1,1,3.0
79,sazamn-barnameh,1390,2.0,7380000000,1,1,1,3.0
80,chitgar,1403,2.0,3180000000,1,1,1,15.0
68,kooy-e-ferdos,1388,2.0,6900000000,1,1,1,4.0
75,jeyhoun,1395,2.0,5450000000,1,1,1,2.0
86,tavanir,1401,2.0,13500000000,1,1,1,2.0
100,chitgar,1403,2.0,3850000000,1,1,1,16.0
110,kuy-faraz,1397,2.0,19000000000,1,1,1,4.0
185,niavaran,1385,4.0,37000000000,1,1,1,1.0
50,north-sohrevardi,1380,1.0,5800000000,0,1,0,2.0
120,heravi,1402,2.0,21500000000,1,1,1,3.0
100,yousef-abad,1403,2.0,17000000000,1,1,1,2.0
95,tehran-no,1392,2.0,8600000000,1,1,1,5.0
100,chitgar,1402,2.0,950000000,1,1,1,5.0
82,south-janat-abad,1387,2.0,5220000000,0,1,1,3.0
54,andisheh,1391,1.0,1500000000,0,1,1,3.0
46,karevan,1380,1.0,2150000000,0,1,0,3.0
80,moniriyeh,1385,3.0,5600000000,0,0,1,4.0
110,yousef-abad,1403,2.0,18800000000,1,1,1,2.0
80,sabalan,1403,2.0,6400000000,1,1,1,3.0
41,beryanak,1385,1.0,2400000000,0,0,1,
98,south-janat-abad,1397,2.0,11750000000,1,1,1,4.0
85,sazamn-barnameh,1401,2.0,9500000000,1,1,1,3.0
86,azarbaijan,1398,2.0,6450000000,1,1,1,2.0
96,yousef-abad,1393,2.0,12300000000,1,1,1,4.0
94,vardavard,1395,2.0,5550000000,1,1,1,2.0
59,sazamn-barnameh,1385,1.0,5300000000,0,1,1,
77,yousef-abad,1400,1.0,11600000000,1,1,1,1.0
78,poonak,1384,2.0,5600000000,1,1,1,4.0
65,shahr-e-ziba,1393,2.0,1480000000,0,1,1,2.0
95,south-janat-abad,1396,2.0,11400000000,1,1,1,4.0
89,charsad-dastgah,1395,2.0,6800000000,1,1,1,4.0
53,haftchenar,1395,1.0,3450000000,1,1,1,1.0
100,sazamn-barnameh,1397,2.0,9099000000,1,1,1,3.0
40,khaje-nezam-molk,1395,1.0,2700000000,1,0,1,2.0
144,saadat-abad,1389,3.0,22050000000,1,1,1,2.0
128,elahiyeh,1383,2.0,17900000000,1,1,1,1.0
73,eram,1383,2.0,6150000000,1,1,1,2.0
76,sattarkhan,1386,2.0,7680000000,1,1,1,2.0
90,north-shahran,1392,2.0,11300000000,1,1,1,4.0
51,moshiriyeh,1382,1.0,2250000000,0,0,1,3.0
81,poonak,1394,2.0,8950000000,1,1,1,2.0
133,heravi,1388,3.0,18500000000,1,1,1,3.0
63,ostad-moein,1402,1.0,4550000000,1,1,1,3.0
165,zafaraniyeh,1397,3.0,55000000000,1,1,1,1.0
41,jey,1392,1.0,2500000000,1,1,0,4.0
152,ekhtiyariyeh,1383,3.0,18100000000,1,1,1,1.0
125,abbas-abad,1401,1.0,25000000000,1,1,0,4.0
82,enqelab,1375,1.0,4300000000,0,0,0,2.0
75,chitgar,1403,2.0,1250000000,1,1,1,12.0
227,heravi,1382,3.0,26700000000,1,1,1,8.0
396,elahiyeh,1398,4.0,110000000000,1,1,1,2.0
100,tohid,1397,2.0,11500000000,1,1,1,3.0
43,vahidiyeh,1393,1.0,3250000000,0,1,1,2.0
58,aminhozour,1384,1.0,3300000000,1,0,0,1.0
145,central-janat-abad,1403,3.0,20735000000,1,1,1,1.0
87,kooy-e-ferdos,1392,2.0,8600000000,1,1,1,1.0
58,eram,1382,1.0,4400000000,0,1,1,3.0
56,dr-hoshyar,1398,1.0,4500000000,1,1,1,2.0
62,sadeghiyeh,1393,1.0,6300000000,1,1,1,3.0
80,north-janat-abad,1403,2.0,8500000000,1,1,1,5.0
225,saadat-abad,1403,3.0,72000000000,1,1,1,5.0
97,poonak,1399,2.0,12900000000,1,1,1,5.0
480,darrous,1402,4.0,130000000000,1,1,1,14.0
62,afsariyeh,1398,2.0,4960000000,1,1,1,3.0
62,azarbaijan,1398,1.0,4400000000,1,1,1,4.0
100,chitgar-lake,1403,2.0,2500000000,1,1,1,10.0
69,niloufar,1395,2.0,12200000000,1,1,1,2.0
110,kooy-e-ferdos,1402,2.0,16500000000,1,1,1,5.0
80,central-janat-abad,1388,2.0,6400000000,0,1,0,
78,poonak,1395,2.0,2050000000,1,1,1,7.0
45,eskandari,1378,1.0,3330000,0,0,0,
72,abbas-abad,1392,2.0,9600000000,1,1,1,3.0
35,jeyhoun,1380,1.0,1900000000,0,0,0,
65,mobarak-abad-e-beheshti,1398,1.0,2112000000,1,0,1,3.0
74,mobarak-abad-e-beheshti,1401,2.0,2257000000,1,1,1,2.0
55,tehran-no,1388,1.0,3800000000,0,1,1,4.0
90,mobarak-abad-e-beheshti,1403,2.0,2600000000,1,1,1,3.0
115,pasdaran,1402,2.0,14950000000,1,1,1,10.0
119,central-janat-abad,1394,3.0,14100000000,1,1,1,4.0
145,shahrak-e-gharb,1381,3.0,26700000000,1,1,1,3.0
66,mobarak-abad-e-beheshti,1398,1.0,2150000000,1,0,1,2.0
75,golchin,1395,2.0,4725000000,1,1,0,5.0
140,chitgar,1403,3.0,1000000000,1,1,1,12.0
215,marzdaran,1402,3.0,49050000000,1,1,1,3.0
86,west-tehranpars,1388,2,7000000000,1,0,1,3
49,taslihat,1386,1,3450000000,0,1,1,3
136,poonak,1396,3,16980000000,1,1,1,3
61,yakhchi-abad,1391,2,3300000000,0,1,1,4
92,poonak,1402,2,16100000000,1,1,1,5
80,tehran-zanjan,1396,2,4440000000,1,1,1,4
80,andisheh,1395,2,3300000000,1,1,1,4
40,sarsabil,1375,1,2090000000,0,0,1,1
61,sarsabil,1401,2,5500000000,1,1,1,2
52,sarsabil,1379,1,2550000000,0,0,1,
120,marzdaran,1393,3,17400000000,1,1,1,2
65,zahir-abad,1385,2,2450000000,0,0,1,2
150,chitgar,1403,3,2000000000,1,1,1,12
88,pasdaran,1390,2,14500000000,1,1,1,1
65,chitgar,1403,1,445000000,1,1,1,11
35,imamzadeh-hasan,1394,1,1900000000,0,1,1,2
146,yousef-abad,1402,3,25550000000,1,1,1,4
102,jordan,1393,2,15500000000,1,1,1,4
108,darvazeh-shemiran,1385,2,9200000000,1,1,1,2
89,eram,1392,2,10150000000,1,1,1,1
90,fallah,1402,2,4950000000,1,1,1,2
55,qiamdash,1391,1,1450000000,0,0,1,2
128,heravi,1403,3,19840000000,1,1,1,5
47,haftchenar,1390,1,2500000000,0,1,1,2
105,sazman-ab,1380,3,9200000000,0,1,1,1
108,west-tehranpars,1392,2,10870000000,1,1,1,4
126,tehranvila,1397,3,13600000000,1,1,1,4
106,haft-hoz,1377,2,11000000000,0,0,1,1
63,south-narmak,1390,2,4800000000,0,1,1,3
76,afsariyeh,1398,2,4000000000,1,1,1,2
42,jeyhoun,1383,1,2380000000,0,0,0,1
65,dr-hoshyar,1385,2,4300000000,0,0,1,4
147,poonak,1394,3,18980000000,1,1,1,1
46,soleymani,1383,1,2350000000,0,0,0,2
59,azari,1383,1,2230000000,0,0,1,4
66,majidiyeh,1402,2,5550000000,1,1,1,3
96,shahr-e-ziba,1383,2,6850000000,0,1,1,2
45,shahrak-e-vilashahr,1398,1,3570000000,1,1,1,1
175,chitgar-lake,1403,3,27000000000,1,1,1,2
110,qeytariyeh,1403,2,28000000000,1,1,1,2
100,mobarak-abad-e-beheshti,1403,2,2500000000,1,1,1,5
68,sattarkhan,1385,1,6700000000,0,0,1,2
33,beryanak,1400,1,2300000000,0,1,1,3
75,sazamn-barnameh,1389,2,6250000000,0,1,1,3
178,south-janat-abad,1402,3,25000000000,1,1,1,3
150,darrous,1386,3,26000000000,1,1,1,3
215,elahiyeh,1392,3,41000000000,1,1,1,6
83,poonak,1394,2,8900000000,1,1,1,1
120,south-mehrabad,1403,2,8280000000,1,1,0,1
51,andisheh,1395,1,2700000000,1,1,1,1
43,bolursazi,1391,1,2550000000,0,1,1,
36,sabalan,1396,1,2620000000,0,0,1,2
120,north-shahran,1386,2,11300000000,1,1,1,3
120,chitgar,1403,3,4300000000,1,1,1,12
94,kuhak,1396,2,7836000000,1,1,1,17
90,central-janat-abad,1392,2,9750000000,1,1,1,2
92,chitgar,1403,2,1900000000,1,1,1,8
125,tehransar,1403,3,11250000000,1,1,1,3